{
  "left": {
    "x": 142.4415584415584,
    "y": 287.8831168831169
  },
  "right": {
    "x": 610.6590909090909,
    "y": 287.8831168831169
  }
}